{
    "Ar36": {
        "error": 0.0003297097108774966, 
        "filter_outliers_dict": {
            "filter_outliers": true, 
            "iterations": 1, 
            "std_devs": 2
        }, 
        "fit": "Linear", 
        "value": 0.01717172555301286
    }, 
    "Ar37": {
        "error": 0.009099637009510378, 
        "filter_outliers_dict": {
            "filter_outliers": true, 
            "iterations": 1, 
            "std_devs": 2
        }, 
        "fit": "linear", 
        "value": 0.26269728687453264
    }, 
    "Ar38": {
        "error": 0.008291320831005457, 
        "filter_outliers_dict": {
            "filter_outliers": true, 
            "iterations": 1, 
            "std_devs": 2
        }, 
        "fit": "linear", 
        "value": 9.0502320564093
    }, 
    "Ar39": {
        "error": 0.052209192935032955, 
        "filter_outliers_dict": {
            "filter_outliers": true, 
            "iterations": 1, 
            "std_devs": 2
        }, 
        "fit": "Linear", 
        "value": 702.9416342490032
    }, 
    "Ar40": {
        "error": 0.05305214059905013, 
        "filter_outliers_dict": {
            "filter_outliers": true, 
            "iterations": 1, 
            "std_devs": 2
        }, 
        "fit": "Linear", 
        "value": 581.9774107029375
    }, 
    "Ar41": {
        "error": 0.0034873028013790927, 
        "filter_outliers_dict": {
            "filter_outliers": true, 
            "iterations": 1, 
            "std_devs": 2
        }, 
        "fit": "Average", 
        "value": 0.10863723902028681
    }
}