{
    "Ar36": {
        "error": 0.0002801228690109613, 
        "filter_outliers_dict": {
            "filter_outliers": true, 
            "iterations": 1, 
            "std_devs": 2
        }, 
        "fit": "Linear", 
        "value": 0.011969887389380788
    }, 
    "Ar37": {
        "error": 0.010557912162967718, 
        "filter_outliers_dict": {
            "filter_outliers": true, 
            "iterations": 1, 
            "std_devs": 2
        }, 
        "fit": "linear", 
        "value": 0.295735467656483
    }, 
    "Ar38": {
        "error": 0.008968506069567414, 
        "filter_outliers_dict": {
            "filter_outliers": true, 
            "iterations": 1, 
            "std_devs": 2
        }, 
        "fit": "linear", 
        "value": 13.204440053814677
    }, 
    "Ar39": {
        "error": 0.061299976036615564, 
        "filter_outliers_dict": {
            "filter_outliers": true, 
            "iterations": 1, 
            "std_devs": 2
        }, 
        "fit": "Linear", 
        "value": 1030.7165746415903
    }, 
    "Ar40": {
        "error": 0.05506189073910539, 
        "filter_outliers_dict": {
            "filter_outliers": true, 
            "iterations": 1, 
            "std_devs": 2
        }, 
        "fit": "Linear", 
        "value": 849.6801472253321
    }, 
    "Ar41": {
        "error": 0.0038521486209727863, 
        "filter_outliers_dict": {
            "filter_outliers": true, 
            "iterations": 1, 
            "std_devs": 2
        }, 
        "fit": "Average", 
        "value": 0.0896696656167213
    }
}