{
    "Ar36": {
        "error": 0.0006145489798970609, 
        "filter_outliers_dict": {
            "filter_outliers": true, 
            "iterations": 1, 
            "std_devs": 2
        }, 
        "fit": "Linear", 
        "value": 0.07139592870814827
    }, 
    "Ar37": {
        "error": 0.010985252348344568, 
        "filter_outliers_dict": {
            "filter_outliers": true, 
            "iterations": 1, 
            "std_devs": 2
        }, 
        "fit": "linear", 
        "value": 0.3115033961951842
    }, 
    "Ar38": {
        "error": 0.005283119641513516, 
        "filter_outliers_dict": {
            "filter_outliers": true, 
            "iterations": 1, 
            "std_devs": 2
        }, 
        "fit": "linear", 
        "value": 4.00029701092647
    }, 
    "Ar39": {
        "error": 0.028903844236879004, 
        "filter_outliers_dict": {
            "filter_outliers": true, 
            "iterations": 1, 
            "std_devs": 2
        }, 
        "fit": "Linear", 
        "value": 216.5011891875885
    }, 
    "Ar40": {
        "error": 0.03802050910700584, 
        "filter_outliers_dict": {
            "filter_outliers": true, 
            "iterations": 1, 
            "std_devs": 2
        }, 
        "fit": "Linear", 
        "value": 489.6513063508314
    }, 
    "Ar41": {
        "error": 0.0032279173418009997, 
        "filter_outliers_dict": {
            "filter_outliers": true, 
            "iterations": 1, 
            "std_devs": 2
        }, 
        "fit": "Average", 
        "value": 0.09183570084391096
    }
}