{
    "Ar36": {
        "error": 0.0001958836723678528, 
        "filter_outliers_dict": {
            "filter_outliers": true, 
            "iterations": 1, 
            "std_devs": 2
        }, 
        "fit": "Linear", 
        "value": 0.009644491600570607
    }, 
    "Ar37": {
        "error": 0.010597188537288915, 
        "filter_outliers_dict": {
            "filter_outliers": true, 
            "iterations": 1, 
            "std_devs": 2
        }, 
        "fit": "linear", 
        "value": 0.24164714639331786
    }, 
    "Ar38": {
        "error": 0.006957687607814601, 
        "filter_outliers_dict": {
            "filter_outliers": true, 
            "iterations": 1, 
            "std_devs": 2
        }, 
        "fit": "linear", 
        "value": 8.701264842509884
    }, 
    "Ar39": {
        "error": 0.049653712316512645, 
        "filter_outliers_dict": {
            "filter_outliers": true, 
            "iterations": 1, 
            "std_devs": 2
        }, 
        "fit": "Linear", 
        "value": 680.0441534114447
    }, 
    "Ar40": {
        "error": 0.046363362616663045, 
        "filter_outliers_dict": {
            "filter_outliers": true, 
            "iterations": 1, 
            "std_devs": 2
        }, 
        "fit": "Linear", 
        "value": 562.5349854358295
    }, 
    "Ar41": {
        "error": 0.004168133631144227, 
        "filter_outliers_dict": {
            "filter_outliers": true, 
            "iterations": 1, 
            "std_devs": 2
        }, 
        "fit": "Average", 
        "value": 0.07586201624954832
    }
}