{
    "Ar36": {
        "error": 0.00024739506443710975, 
        "filter_outliers_dict": {
            "filter_outliers": true, 
            "iterations": 1, 
            "std_devs": 2
        }, 
        "fit": "Linear", 
        "value": 0.009212307691976826
    }, 
    "Ar37": {
        "error": 0.010077847969460051, 
        "filter_outliers_dict": {
            "filter_outliers": true, 
            "iterations": 1, 
            "std_devs": 2
        }, 
        "fit": "linear", 
        "value": 0.21298987691820132
    }, 
    "Ar38": {
        "error": 0.006330705970056982, 
        "filter_outliers_dict": {
            "filter_outliers": true, 
            "iterations": 1, 
            "std_devs": 2
        }, 
        "fit": "linear", 
        "value": 4.522880453417184
    }, 
    "Ar39": {
        "error": 0.04013736559210094, 
        "filter_outliers_dict": {
            "filter_outliers": true, 
            "iterations": 1, 
            "std_devs": 2
        }, 
        "fit": "Linear", 
        "value": 353.2484852723417
    }, 
    "Ar40": {
        "error": 0.033663247448069394, 
        "filter_outliers_dict": {
            "filter_outliers": true, 
            "iterations": 1, 
            "std_devs": 2
        }, 
        "fit": "Linear", 
        "value": 292.5845015445201
    }, 
    "Ar41": {
        "error": 0.0038600269459373084, 
        "filter_outliers_dict": {
            "filter_outliers": true, 
            "iterations": 1, 
            "std_devs": 2
        }, 
        "fit": "Average", 
        "value": 0.06674988443236024
    }
}