{
    "Ar36": {
        "error": 0.00031415216265309027, 
        "filter_outliers_dict": {
            "filter_outliers": true, 
            "iterations": 1, 
            "std_devs": 2
        }, 
        "fit": "Linear", 
        "value": 0.014482473320899598
    }, 
    "Ar37": {
        "error": 0.011235254436875335, 
        "filter_outliers_dict": {
            "filter_outliers": true, 
            "iterations": 1, 
            "std_devs": 2
        }, 
        "fit": "linear", 
        "value": 0.21832847675232023
    }, 
    "Ar38": {
        "error": 0.00478616594536263, 
        "filter_outliers_dict": {
            "filter_outliers": true, 
            "iterations": 1, 
            "std_devs": 2
        }, 
        "fit": "linear", 
        "value": 3.9743294396976823
    }, 
    "Ar39": {
        "error": 0.03105073588186612, 
        "filter_outliers_dict": {
            "filter_outliers": true, 
            "iterations": 1, 
            "std_devs": 2
        }, 
        "fit": "Linear", 
        "value": 307.3584505394338
    }, 
    "Ar40": {
        "error": 0.026229167923941563, 
        "filter_outliers_dict": {
            "filter_outliers": true, 
            "iterations": 1, 
            "std_devs": 2
        }, 
        "fit": "Linear", 
        "value": 256.2968762716386
    }, 
    "Ar41": {
        "error": 0.0043582931548164705, 
        "filter_outliers_dict": {
            "filter_outliers": true, 
            "iterations": 1, 
            "std_devs": 2
        }, 
        "fit": "Average", 
        "value": 0.09156860180509502
    }
}