{
    "Ar36": {
        "error": 0.00021179918967404246, 
        "fit": "Parabolic", 
        "value": 0.0022374645304544276
    }, 
    "Ar37": {
        "error": 0.01286466593932607, 
        "fit": "linear", 
        "value": -0.01204240949747314
    }, 
    "Ar38": {
        "error": 0.025840686348731535, 
        "fit": "linear", 
        "value": -0.09027421279392085
    }, 
    "Ar39": {
        "error": 0.029098548411191475, 
        "fit": "Parabolic", 
        "value": 0.05413253411051221
    }, 
    "Ar40": {
        "error": 0.02296574239785995, 
        "fit": "Parabolic", 
        "value": 0.1934548040668293
    }
}