{
    "Ar36": {
        "error": 0.00016579061839418945, 
        "filter_outliers_dict": {
            "filter_outliers": true, 
            "iterations": 1, 
            "std_devs": 2
        }, 
        "fit": "Parabolic", 
        "value": 0.000947689465214711
    }, 
    "Ar37": {
        "error": 0.007245240163914281, 
        "filter_outliers_dict": {
            "filter_outliers": true, 
            "iterations": 1, 
            "std_devs": 2
        }, 
        "fit": "linear", 
        "value": 0.1745873603782673
    }, 
    "Ar38": {
        "error": 0.002907461481006668, 
        "filter_outliers_dict": {
            "filter_outliers": true, 
            "iterations": 1, 
            "std_devs": 2
        }, 
        "fit": "linear", 
        "value": -0.008313996876148418
    }, 
    "Ar39": {
        "error": 0.001260145849240484, 
        "filter_outliers_dict": {
            "filter_outliers": true, 
            "iterations": 1, 
            "std_devs": 2
        }, 
        "fit": "Parabolic", 
        "value": 0.016622122160720138
    }, 
    "Ar40": {
        "error": 0.009166384526701562, 
        "filter_outliers_dict": {
            "filter_outliers": true, 
            "iterations": 1, 
            "std_devs": 2
        }, 
        "fit": "Parabolic", 
        "value": 0.0806565906371799
    }, 
    "Ar41": {
        "error": 0.007372165652472264, 
        "filter_outliers_dict": {
            "filter_outliers": true, 
            "iterations": 1, 
            "std_devs": 2
        }, 
        "fit": "linear", 
        "value": 0.08293185634198541
    }
}