{
    "AX": {
        "error": 0.031036889770120847, 
        "fit": "average", 
        "value": -0.08893790812554568
    }, 
    "H1": {
        "error": 0.017763301055136838, 
        "fit": "average", 
        "value": 0.039952420351405345
    }, 
    "H2": {
        "error": 0.014804653380308895, 
        "fit": "average", 
        "value": -0.21237721389989656
    }, 
    "L1": {
        "error": 0.015047847853639027, 
        "fit": "average", 
        "value": -0.03455942455264987
    }, 
    "L2(CDD)": {
        "error": 1.052310336080012e-05, 
        "fit": "average", 
        "value": 4.20924132901149e-05
    }
}