{
    "AX": {
        "error": 0.029997656475560772, 
        "fit": "average", 
        "value": -0.125124162470599
    }, 
    "H1": {
        "error": 0.018990749628503004, 
        "fit": "average", 
        "value": 0.047583705617997116
    }, 
    "H2": {
        "error": 0.014263576266120221, 
        "fit": "average", 
        "value": -0.1516112825035721
    }, 
    "L1": {
        "error": 0.015853935336519524, 
        "fit": "average", 
        "value": -0.02281760644954227
    }, 
    "L2(CDD)": {
        "error": 6.596974269543247e-06, 
        "fit": "average", 
        "value": 1.8415430726613667e-05
    }
}