{
    "AX": {
        "error": 0.029169621207433837, 
        "fit": "average", 
        "value": -0.08825923128027356
    }, 
    "H1": {
        "error": 0.018694815505412608, 
        "fit": "average", 
        "value": 0.05966515438928845
    }, 
    "H2": {
        "error": 0.014442895218891322, 
        "fit": "average", 
        "value": -0.138752393530568
    }, 
    "L1": {
        "error": 0.014739691171302562, 
        "fit": "average", 
        "value": -0.035172747578349026
    }, 
    "L2(CDD)": {
        "error": 9.055166255847926e-06, 
        "fit": "average", 
        "value": 2.3676982563501236e-05
    }
}