{
    "AX": {
        "error": 0.02849824084380834, 
        "fit": "average", 
        "value": -0.0569392899631792
    }, 
    "H1": {
        "error": 0.018844723547663884, 
        "fit": "average", 
        "value": 0.06830270871818521
    }, 
    "H2": {
        "error": 0.017963624030656208, 
        "fit": "average", 
        "value": -0.13499896423684843
    }, 
    "L1": {
        "error": 0.013886892790162643, 
        "fit": "average", 
        "value": -0.04234570443180749
    }, 
    "L2(CDD)": {
        "error": 8.691620769885142e-06, 
        "fit": "average", 
        "value": 3.683086145322733e-05
    }
}