{
    "AX": {
        "error": 0.03331072204419415, 
        "fit": "average", 
        "value": -0.051328041237757076
    }, 
    "H1": {
        "error": 0.015683905524145447, 
        "fit": "average", 
        "value": 0.04616384257385365
    }, 
    "H2": {
        "error": 0.011600447989190894, 
        "fit": "average", 
        "value": -0.22039023950105668
    }, 
    "L1": {
        "error": 0.016665897317711335, 
        "fit": "average", 
        "value": -0.0421355610311253
    }, 
    "L2(CDD)": {
        "error": 7.951557759453699e-06, 
        "fit": "average", 
        "value": 2.8938533998964337e-05
    }
}