{
    "AX": {
        "error": 0.027386222069779524, 
        "fit": "average", 
        "value": -0.10599545521819835
    }, 
    "H1": {
        "error": 0.016201946872204328, 
        "fit": "average", 
        "value": 0.03160119601263858
    }, 
    "H2": {
        "error": 0.01554220693467589, 
        "fit": "average", 
        "value": -0.11495609379812607
    }, 
    "L1": {
        "error": 0.01530077197948375, 
        "fit": "average", 
        "value": -0.03317595843439381
    }, 
    "L2(CDD)": {
        "error": 6.596974269543244e-06, 
        "fit": "average", 
        "value": 1.8415430726613667e-05
    }
}