{
    "Ar36": {
        "error": 0.0002484498053199159, 
        "fit": "Parabolic", 
        "value": 0.011061435342712976
    }, 
    "Ar37": {
        "error": 0.0024506709990963164, 
        "fit": "linear", 
        "value": 0.24682269846647836
    }, 
    "Ar38": {
        "error": 0.006387112701101381, 
        "fit": "linear", 
        "value": 6.551424751655297
    }, 
    "Ar39": {
        "error": 0.03487518139168313, 
        "fit": "Parabolic", 
        "value": 508.9549270794847
    }, 
    "Ar40": {
        "error": 0.032256437164410644, 
        "fit": "Parabolic", 
        "value": 420.5101179046619
    }, 
    "Ar41": {
        "error": 0.006203788644396763, 
        "fit": "linear", 
        "value": 0.10386436381248637
    }
}