{
    "Ar36": {
        "error": 0.0016023576867975084, 
        "fit": "Parabolic", 
        "value": 0.03417176127153772
    }, 
    "Ar37": {
        "error": 0.03149745595326796, 
        "fit": "linear", 
        "value": 3.1531311303828646
    }, 
    "Ar38": {
        "error": 0.03377830441834216, 
        "fit": "linear", 
        "value": 5.355930760098692
    }, 
    "Ar39": {
        "error": 0.08762548323312411, 
        "fit": "Parabolic", 
        "value": 19.443243275795815
    }, 
    "Ar40": {
        "error": 0.1986818443451086, 
        "fit": "Parabolic", 
        "value": 808.5242270476475
    }
}