{
    "Ar36": {
        "error": 0.0015002678376388667, 
        "fit": "Parabolic", 
        "value": 0.03207124232980331
    }, 
    "Ar37": {
        "error": 0.032619878880115985, 
        "fit": "linear", 
        "value": 3.2714010635759063
    }, 
    "Ar38": {
        "error": 0.03560821373560481, 
        "fit": "linear", 
        "value": 5.085462944359787
    }, 
    "Ar39": {
        "error": 0.08230645835634372, 
        "fit": "Parabolic", 
        "value": 20.28377956143309
    }, 
    "Ar40": {
        "error": 0.3428593092151943, 
        "fit": "Parabolic", 
        "value": 850.5502480022759
    }
}