{
    "Ar36": {
        "error": 0.0002318516961769098, 
        "filter_outliers_dict": {
            "filter_outliers": true, 
            "iterations": 1, 
            "std_devs": 2
        }, 
        "fit": "Linear", 
        "value": 0.007713131481479549
    }, 
    "Ar37": {
        "error": 0.010190439375650808, 
        "filter_outliers_dict": {
            "filter_outliers": true, 
            "iterations": 1, 
            "std_devs": 2
        }, 
        "fit": "linear", 
        "value": 0.1852745852757553
    }, 
    "Ar38": {
        "error": 0.004985780804511317, 
        "filter_outliers_dict": {
            "filter_outliers": true, 
            "iterations": 1, 
            "std_devs": 2
        }, 
        "fit": "linear", 
        "value": 1.0640863656866308
    }, 
    "Ar39": {
        "error": 0.020521501816518788, 
        "filter_outliers_dict": {
            "filter_outliers": true, 
            "iterations": 1, 
            "std_devs": 2
        }, 
        "fit": "Linear", 
        "value": 80.88982931086444
    }, 
    "Ar40": {
        "error": 0.014752170695310853, 
        "filter_outliers_dict": {
            "filter_outliers": true, 
            "iterations": 1, 
            "std_devs": 2
        }, 
        "fit": "Linear", 
        "value": 66.93608084114058
    }, 
    "Ar41": {
        "error": 0.002703693416231115, 
        "filter_outliers_dict": {
            "filter_outliers": true, 
            "iterations": 1, 
            "std_devs": 2
        }, 
        "fit": "Average", 
        "value": 0.08314899303381976
    }
}