{
    "Ar36": {
        "error": 0.00016355439216815033, 
        "filter_outliers_dict": {
            "filter_outliers": true, 
            "iterations": 1, 
            "std_devs": 2
        }, 
        "fit": "Parabolic", 
        "value": 0.004457347937911223
    }, 
    "Ar37": {
        "error": 0.0048521547876641665, 
        "filter_outliers_dict": {
            "filter_outliers": true, 
            "iterations": 1, 
            "std_devs": 2
        }, 
        "fit": "linear", 
        "value": 0.1483330998010553
    }, 
    "Ar38": {
        "error": 0.002079483207035569, 
        "filter_outliers_dict": {
            "filter_outliers": true, 
            "iterations": 1, 
            "std_devs": 2
        }, 
        "fit": "linear", 
        "value": 0.0051112557935478154
    }, 
    "Ar39": {
        "error": 0.009152413666163779, 
        "filter_outliers_dict": {
            "filter_outliers": true, 
            "iterations": 1, 
            "std_devs": 2
        }, 
        "fit": "Parabolic", 
        "value": 0.04485117752137176
    }, 
    "Ar40": {
        "error": 0.0072474715026860795, 
        "filter_outliers_dict": {
            "filter_outliers": true, 
            "iterations": 1, 
            "std_devs": 2
        }, 
        "fit": "Parabolic", 
        "value": 1.049782773923677
    }, 
    "Ar41": {
        "error": 0.00559863398764685, 
        "filter_outliers_dict": {
            "filter_outliers": true, 
            "iterations": 1, 
            "std_devs": 2
        }, 
        "fit": "linear", 
        "value": 0.08613766863331107
    }
}